observation_date,fred_series_id,value,units
1926-01-01,WPU051,8.7,PPI_index_1982_100
1926-02-01,WPU051,8.4,PPI_index_1982_100
1926-03-01,WPU051,8.3,PPI_index_1982_100
1926-04-01,WPU051,8.1,PPI_index_1982_100
1926-05-01,WPU051,8.1,PPI_index_1982_100
1926-06-01,WPU051,8.1,PPI_index_1982_100
1926-07-01,WPU051,8.1,PPI_index_1982_100
1926-08-01,WPU051,8.2,PPI_index_1982_100
1926-09-01,WPU051,8.3,PPI_index_1982_100
1926-10-01,WPU051,8.7,PPI_index_1982_100
1926-11-01,WPU051,9.4,PPI_index_1982_100
1926-12-01,WPU051,8.9,PPI_index_1982_100
1927-01-01,WPU051,8.7,PPI_index_1982_100
1927-02-01,WPU051,8.5,PPI_index_1982_100
1927-03-01,WPU051,8.4,PPI_index_1982_100
1927-04-01,WPU051,8.3,PPI_index_1982_100
1927-05-01,WPU051,8.3,PPI_index_1982_100
1927-06-01,WPU051,8.3,PPI_index_1982_100
1927-07-01,WPU051,8.3,PPI_index_1982_100
1927-08-01,WPU051,8.4,PPI_index_1982_100
1927-09-01,WPU051,8.5,PPI_index_1982_100
1927-10-01,WPU051,8.3,PPI_index_1982_100
1927-11-01,WPU051,8.2,PPI_index_1982_100
1927-12-01,WPU051,8.2,PPI_index_1982_100
1928-01-01,WPU051,8.1,PPI_index_1982_100
1928-02-01,WPU051,8.1,PPI_index_1982_100
1928-03-01,WPU051,8.0,PPI_index_1982_100
1928-04-01,WPU051,7.8,PPI_index_1982_100
1928-05-01,WPU051,7.7,PPI_index_1982_100
1928-06-01,WPU051,7.8,PPI_index_1982_100
1928-07-01,WPU051,7.7,PPI_index_1982_100
1928-08-01,WPU051,7.8,PPI_index_1982_100
1928-09-01,WPU051,7.8,PPI_index_1982_100
1928-10-01,WPU051,7.9,PPI_index_1982_100
1928-11-01,WPU051,7.9,PPI_index_1982_100
1928-12-01,WPU051,7.8,PPI_index_1982_100
1929-01-01,WPU051,7.9,PPI_index_1982_100
1929-02-01,WPU051,7.9,PPI_index_1982_100
1929-03-01,WPU051,7.8,PPI_index_1982_100
1929-04-01,WPU051,7.5,PPI_index_1982_100
1929-05-01,WPU051,7.5,PPI_index_1982_100
1929-06-01,WPU051,7.5,PPI_index_1982_100
1929-07-01,WPU051,7.6,PPI_index_1982_100
1929-08-01,WPU051,7.6,PPI_index_1982_100
1929-09-01,WPU051,7.7,PPI_index_1982_100
1929-10-01,WPU051,7.7,PPI_index_1982_100
1929-11-01,WPU051,7.7,PPI_index_1982_100
1929-12-01,WPU051,7.8,PPI_index_1982_100
1930-01-01,WPU051,7.7,PPI_index_1982_100
1930-02-01,WPU051,7.7,PPI_index_1982_100
1930-03-01,WPU051,7.6,PPI_index_1982_100
1930-04-01,WPU051,7.5,PPI_index_1982_100
1930-05-01,WPU051,7.4,PPI_index_1982_100
1930-06-01,WPU051,7.4,PPI_index_1982_100
1930-07-01,WPU051,7.4,PPI_index_1982_100
1930-08-01,WPU051,7.5,PPI_index_1982_100
1930-09-01,WPU051,7.5,PPI_index_1982_100
1930-10-01,WPU051,7.6,PPI_index_1982_100
1930-11-01,WPU051,7.5,PPI_index_1982_100
1930-12-01,WPU051,7.5,PPI_index_1982_100
1931-01-01,WPU051,7.5,PPI_index_1982_100
1931-02-01,WPU051,7.4,PPI_index_1982_100
1931-03-01,WPU051,7.3,PPI_index_1982_100
1931-04-01,WPU051,7.2,PPI_index_1982_100
1931-05-01,WPU051,7.2,PPI_index_1982_100
1931-06-01,WPU051,7.2,PPI_index_1982_100
1931-07-01,WPU051,7.2,PPI_index_1982_100
1931-08-01,WPU051,7.3,PPI_index_1982_100
1931-09-01,WPU051,7.3,PPI_index_1982_100
1931-10-01,WPU051,7.3,PPI_index_1982_100
1931-11-01,WPU051,7.3,PPI_index_1982_100
1931-12-01,WPU051,7.3,PPI_index_1982_100
1932-01-01,WPU051,7.4,PPI_index_1982_100
1932-02-01,WPU051,7.3,PPI_index_1982_100
1932-03-01,WPU051,7.2,PPI_index_1982_100
1932-04-01,WPU051,7.1,PPI_index_1982_100
1932-05-01,WPU051,7.0,PPI_index_1982_100
1932-06-01,WPU051,7.0,PPI_index_1982_100
1932-07-01,WPU051,7.0,PPI_index_1982_100
1932-08-01,WPU051,7.0,PPI_index_1982_100
1932-09-01,WPU051,7.0,PPI_index_1982_100
1932-10-01,WPU051,7.0,PPI_index_1982_100
1932-11-01,WPU051,7.0,PPI_index_1982_100
1932-12-01,WPU051,7.0,PPI_index_1982_100
1933-01-01,WPU051,7.0,PPI_index_1982_100
1933-02-01,WPU051,6.9,PPI_index_1982_100
1933-03-01,WPU051,6.9,PPI_index_1982_100
1933-04-01,WPU051,6.7,PPI_index_1982_100
1933-05-01,WPU051,6.6,PPI_index_1982_100
1933-06-01,WPU051,6.6,PPI_index_1982_100
1933-07-01,WPU051,6.8,PPI_index_1982_100
1933-08-01,WPU051,7.0,PPI_index_1982_100
1933-09-01,WPU051,7.1,PPI_index_1982_100
1933-10-01,WPU051,7.4,PPI_index_1982_100
1933-11-01,WPU051,7.5,PPI_index_1982_100
1933-12-01,WPU051,7.5,PPI_index_1982_100
1934-01-01,WPU051,7.5,PPI_index_1982_100
1934-02-01,WPU051,7.5,PPI_index_1982_100
1934-03-01,WPU051,7.5,PPI_index_1982_100
1934-04-01,WPU051,7.6,PPI_index_1982_100
1934-05-01,WPU051,7.6,PPI_index_1982_100
1934-06-01,WPU051,7.6,PPI_index_1982_100
1934-07-01,WPU051,7.7,PPI_index_1982_100
1934-08-01,WPU051,7.8,PPI_index_1982_100
1934-09-01,WPU051,7.8,PPI_index_1982_100
1934-10-01,WPU051,7.8,PPI_index_1982_100
1934-11-01,WPU051,7.8,PPI_index_1982_100
1934-12-01,WPU051,7.8,PPI_index_1982_100
1935-01-01,WPU051,7.8,PPI_index_1982_100
1935-02-01,WPU051,7.8,PPI_index_1982_100
1935-03-01,WPU051,7.8,PPI_index_1982_100
1935-04-01,WPU051,7.6,PPI_index_1982_100
1935-05-01,WPU051,7.6,PPI_index_1982_100
1935-06-01,WPU051,7.6,PPI_index_1982_100
1935-07-01,WPU051,7.7,PPI_index_1982_100
1935-08-01,WPU051,7.7,PPI_index_1982_100
1935-09-01,WPU051,7.8,PPI_index_1982_100
1935-10-01,WPU051,7.9,PPI_index_1982_100
1935-11-01,WPU051,8.0,PPI_index_1982_100
1935-12-01,WPU051,8.0,PPI_index_1982_100
1936-01-01,WPU051,8.0,PPI_index_1982_100
1936-02-01,WPU051,8.1,PPI_index_1982_100
1936-03-01,WPU051,8.0,PPI_index_1982_100
1936-04-01,WPU051,7.8,PPI_index_1982_100
1936-05-01,WPU051,7.7,PPI_index_1982_100
1936-06-01,WPU051,7.7,PPI_index_1982_100
1936-07-01,WPU051,7.7,PPI_index_1982_100
1936-08-01,WPU051,7.8,PPI_index_1982_100
1936-09-01,WPU051,7.8,PPI_index_1982_100
1936-10-01,WPU051,7.9,PPI_index_1982_100
1936-11-01,WPU051,7.9,PPI_index_1982_100
1936-12-01,WPU051,7.9,PPI_index_1982_100
1937-01-01,WPU051,7.9,PPI_index_1982_100
1937-02-01,WPU051,7.9,PPI_index_1982_100
1937-03-01,WPU051,7.8,PPI_index_1982_100
1937-04-01,WPU051,7.7,PPI_index_1982_100
1937-05-01,WPU051,7.8,PPI_index_1982_100
1937-06-01,WPU051,7.8,PPI_index_1982_100
1937-07-01,WPU051,7.8,PPI_index_1982_100
1937-08-01,WPU051,7.9,PPI_index_1982_100
1937-09-01,WPU051,7.9,PPI_index_1982_100
1937-10-01,WPU051,7.9,PPI_index_1982_100
1937-11-01,WPU051,7.9,PPI_index_1982_100
1937-12-01,WPU051,8.1,PPI_index_1982_100
1938-01-01,WPU051,8.2,PPI_index_1982_100
1938-02-01,WPU051,8.2,PPI_index_1982_100
1938-03-01,WPU051,7.9,PPI_index_1982_100
1938-04-01,WPU051,7.8,PPI_index_1982_100
1938-05-01,WPU051,7.7,PPI_index_1982_100
1938-06-01,WPU051,7.7,PPI_index_1982_100
1938-07-01,WPU051,7.8,PPI_index_1982_100
1938-08-01,WPU051,7.8,PPI_index_1982_100
1938-09-01,WPU051,7.9,PPI_index_1982_100
1938-10-01,WPU051,7.9,PPI_index_1982_100
1938-11-01,WPU051,7.9,PPI_index_1982_100
1938-12-01,WPU051,7.9,PPI_index_1982_100
1939-01-01,WPU051,7.9,PPI_index_1982_100
1939-02-01,WPU051,7.9,PPI_index_1982_100
1939-03-01,WPU051,7.9,PPI_index_1982_100
1939-04-01,WPU051,7.8,PPI_index_1982_100
1939-05-01,WPU051,7.8,PPI_index_1982_100
1939-06-01,WPU051,7.6,PPI_index_1982_100
1939-07-01,WPU051,7.6,PPI_index_1982_100
1939-08-01,WPU051,7.6,PPI_index_1982_100
1939-09-01,WPU051,7.6,PPI_index_1982_100
1939-10-01,WPU051,7.8,PPI_index_1982_100
1939-11-01,WPU051,7.8,PPI_index_1982_100
1939-12-01,WPU051,7.8,PPI_index_1982_100
1940-01-01,WPU051,7.9,PPI_index_1982_100
1940-02-01,WPU051,7.9,PPI_index_1982_100
1940-03-01,WPU051,7.8,PPI_index_1982_100
1940-04-01,WPU051,7.7,PPI_index_1982_100
1940-05-01,WPU051,7.6,PPI_index_1982_100
1940-06-01,WPU051,7.7,PPI_index_1982_100
1940-07-01,WPU051,7.7,PPI_index_1982_100
1940-08-01,WPU051,7.7,PPI_index_1982_100
1940-09-01,WPU051,7.8,PPI_index_1982_100
1940-10-01,WPU051,8.0,PPI_index_1982_100
1940-11-01,WPU051,8.0,PPI_index_1982_100
1940-12-01,WPU051,8.1,PPI_index_1982_100
1941-01-01,WPU051,8.1,PPI_index_1982_100
1941-02-01,WPU051,8.1,PPI_index_1982_100
1941-03-01,WPU051,8.0,PPI_index_1982_100
1941-04-01,WPU051,8.0,PPI_index_1982_100
1941-05-01,WPU051,8.2,PPI_index_1982_100
1941-06-01,WPU051,8.3,PPI_index_1982_100
1941-07-01,WPU051,8.4,PPI_index_1982_100
1941-08-01,WPU051,8.5,PPI_index_1982_100
1941-09-01,WPU051,8.6,PPI_index_1982_100
1941-10-01,WPU051,8.6,PPI_index_1982_100
1941-11-01,WPU051,8.6,PPI_index_1982_100
1941-12-01,WPU051,8.6,PPI_index_1982_100
1942-01-01,WPU051,8.7,PPI_index_1982_100
1942-02-01,WPU051,8.7,PPI_index_1982_100
1942-03-01,WPU051,8.7,PPI_index_1982_100
1942-04-01,WPU051,8.6,PPI_index_1982_100
1942-05-01,WPU051,8.7,PPI_index_1982_100
1942-06-01,WPU051,8.7,PPI_index_1982_100
1942-07-01,WPU051,8.7,PPI_index_1982_100
1942-08-01,WPU051,8.8,PPI_index_1982_100
1942-09-01,WPU051,8.8,PPI_index_1982_100
1942-10-01,WPU051,8.8,PPI_index_1982_100
1942-11-01,WPU051,8.8,PPI_index_1982_100
1942-12-01,WPU051,8.9,PPI_index_1982_100
1943-01-01,WPU051,9.0,PPI_index_1982_100
1943-02-01,WPU051,9.1,PPI_index_1982_100
1943-03-01,WPU051,9.2,PPI_index_1982_100
1943-04-01,WPU051,9.2,PPI_index_1982_100
1943-05-01,WPU051,9.2,PPI_index_1982_100
1943-06-01,WPU051,9.2,PPI_index_1982_100
1943-07-01,WPU051,9.3,PPI_index_1982_100
1943-08-01,WPU051,9.3,PPI_index_1982_100
1943-09-01,WPU051,9.3,PPI_index_1982_100
1943-10-01,WPU051,9.3,PPI_index_1982_100
1943-11-01,WPU051,9.3,PPI_index_1982_100
1943-12-01,WPU051,9.5,PPI_index_1982_100
1944-01-01,WPU051,9.6,PPI_index_1982_100
1944-02-01,WPU051,9.6,PPI_index_1982_100
1944-03-01,WPU051,9.6,PPI_index_1982_100
1944-04-01,WPU051,9.6,PPI_index_1982_100
1944-05-01,WPU051,9.6,PPI_index_1982_100
1944-06-01,WPU051,9.6,PPI_index_1982_100
1944-07-01,WPU051,9.6,PPI_index_1982_100
1944-08-01,WPU051,9.6,PPI_index_1982_100
1944-09-01,WPU051,9.6,PPI_index_1982_100
1944-10-01,WPU051,9.6,PPI_index_1982_100
1944-11-01,WPU051,9.6,PPI_index_1982_100
1944-12-01,WPU051,9.6,PPI_index_1982_100
1945-01-01,WPU051,9.6,PPI_index_1982_100
1945-02-01,WPU051,9.6,PPI_index_1982_100
1945-03-01,WPU051,9.6,PPI_index_1982_100
1945-04-01,WPU051,9.6,PPI_index_1982_100
1945-05-01,WPU051,9.8,PPI_index_1982_100
1945-06-01,WPU051,9.9,PPI_index_1982_100
1945-07-01,WPU051,10.0,PPI_index_1982_100
1945-08-01,WPU051,10.0,PPI_index_1982_100
1945-09-01,WPU051,10.0,PPI_index_1982_100
1945-10-01,WPU051,10.0,PPI_index_1982_100
1945-11-01,WPU051,10.0,PPI_index_1982_100
1945-12-01,WPU051,10.1,PPI_index_1982_100
1946-01-01,WPU051,10.1,PPI_index_1982_100
1946-02-01,WPU051,10.1,PPI_index_1982_100
1946-03-01,WPU051,10.1,PPI_index_1982_100
1946-04-01,WPU051,10.1,PPI_index_1982_100
1946-05-01,WPU051,10.1,PPI_index_1982_100
1946-06-01,WPU051,10.6,PPI_index_1982_100
1946-07-01,WPU051,11.0,PPI_index_1982_100
1946-08-01,WPU051,11.1,PPI_index_1982_100
1946-09-01,WPU051,11.1,PPI_index_1982_100
1946-10-01,WPU051,11.1,PPI_index_1982_100
1946-11-01,WPU051,11.1,PPI_index_1982_100
1946-12-01,WPU051,11.2,PPI_index_1982_100
1947-01-01,WPU051,11.5,PPI_index_1982_100
1947-02-01,WPU051,11.5,PPI_index_1982_100
1947-03-01,WPU051,11.5,PPI_index_1982_100
1947-04-01,WPU051,11.6,PPI_index_1982_100
1947-05-01,WPU051,11.6,PPI_index_1982_100
1947-06-01,WPU051,11.6,PPI_index_1982_100
1947-07-01,WPU051,13.5,PPI_index_1982_100
1947-08-01,WPU051,14.3,PPI_index_1982_100
1947-09-01,WPU051,14.4,PPI_index_1982_100
1947-10-01,WPU051,14.5,PPI_index_1982_100
1947-11-01,WPU051,14.5,PPI_index_1982_100
1947-12-01,WPU051,14.6,PPI_index_1982_100
1948-01-01,WPU051,14.7,PPI_index_1982_100
1948-02-01,WPU051,14.7,PPI_index_1982_100
1948-03-01,WPU051,14.7,PPI_index_1982_100
1948-04-01,WPU051,14.8,PPI_index_1982_100
1948-05-01,WPU051,15.0,PPI_index_1982_100
1948-06-01,WPU051,15.1,PPI_index_1982_100
1948-07-01,WPU051,16.3,PPI_index_1982_100
1948-08-01,WPU051,16.4,PPI_index_1982_100
1948-09-01,WPU051,16.4,PPI_index_1982_100
1948-10-01,WPU051,16.3,PPI_index_1982_100
1948-11-01,WPU051,16.3,PPI_index_1982_100
1948-12-01,WPU051,16.3,PPI_index_1982_100
1949-01-01,WPU051,16.3,PPI_index_1982_100
1949-02-01,WPU051,16.2,PPI_index_1982_100
1949-03-01,WPU051,16.0,PPI_index_1982_100
1949-04-01,WPU051,15.4,PPI_index_1982_100
1949-05-01,WPU051,15.2,PPI_index_1982_100
1949-06-01,WPU051,15.2,PPI_index_1982_100
1949-07-01,WPU051,15.3,PPI_index_1982_100
1949-08-01,WPU051,15.3,PPI_index_1982_100
1949-09-01,WPU051,15.3,PPI_index_1982_100
1949-10-01,WPU051,15.3,PPI_index_1982_100
1949-11-01,WPU051,15.5,PPI_index_1982_100
1949-12-01,WPU051,15.6,PPI_index_1982_100
1950-01-01,WPU051,15.7,PPI_index_1982_100
1950-02-01,WPU051,15.8,PPI_index_1982_100
1950-03-01,WPU051,16.0,PPI_index_1982_100
1950-04-01,WPU051,15.5,PPI_index_1982_100
1950-05-01,WPU051,15.4,PPI_index_1982_100
1950-06-01,WPU051,15.4,PPI_index_1982_100
1950-07-01,WPU051,15.4,PPI_index_1982_100
1950-08-01,WPU051,15.5,PPI_index_1982_100
1950-09-01,WPU051,15.6,PPI_index_1982_100
1950-10-01,WPU051,15.6,PPI_index_1982_100
1950-11-01,WPU051,15.6,PPI_index_1982_100
1950-12-01,WPU051,15.6,PPI_index_1982_100
1951-01-01,WPU051,15.6,PPI_index_1982_100
1951-02-01,WPU051,16.2,PPI_index_1982_100
1951-03-01,WPU051,16.2,PPI_index_1982_100
1951-04-01,WPU051,15.9,PPI_index_1982_100
1951-05-01,WPU051,15.8,PPI_index_1982_100
1951-06-01,WPU051,15.9,PPI_index_1982_100
1951-07-01,WPU051,15.7,PPI_index_1982_100
1951-08-01,WPU051,15.8,PPI_index_1982_100
1951-09-01,WPU051,15.9,PPI_index_1982_100
1951-10-01,WPU051,16.0,PPI_index_1982_100
1951-11-01,WPU051,16.0,PPI_index_1982_100
1951-12-01,WPU051,16.0,PPI_index_1982_100
1952-01-01,WPU051,16.0,PPI_index_1982_100
1952-02-01,WPU051,16.0,PPI_index_1982_100
1952-03-01,WPU051,16.0,PPI_index_1982_100
1952-04-01,WPU051,15.4,PPI_index_1982_100
1952-05-01,WPU051,15.4,PPI_index_1982_100
1952-06-01,WPU051,15.5,PPI_index_1982_100
1952-07-01,WPU051,15.6,PPI_index_1982_100
1952-08-01,WPU051,15.6,PPI_index_1982_100
1952-09-01,WPU051,15.8,PPI_index_1982_100
1952-10-01,WPU051,16.6,PPI_index_1982_100
1952-11-01,WPU051,16.7,PPI_index_1982_100
1952-12-01,WPU051,17.0,PPI_index_1982_100
1953-01-01,WPU051,17.1,PPI_index_1982_100
1953-02-01,WPU051,17.0,PPI_index_1982_100
1953-03-01,WPU051,16.8,PPI_index_1982_100
1953-04-01,WPU051,16.3,PPI_index_1982_100
1953-05-01,WPU051,16.3,PPI_index_1982_100
1953-06-01,WPU051,16.3,PPI_index_1982_100
1953-07-01,WPU051,16.4,PPI_index_1982_100
1953-08-01,WPU051,16.4,PPI_index_1982_100
1953-09-01,WPU051,16.5,PPI_index_1982_100
1953-10-01,WPU051,16.5,PPI_index_1982_100
1953-11-01,WPU051,16.5,PPI_index_1982_100
1953-12-01,WPU051,16.5,PPI_index_1982_100
1954-01-01,WPU051,16.4,PPI_index_1982_100
1954-02-01,WPU051,16.3,PPI_index_1982_100
1954-03-01,WPU051,15.8,PPI_index_1982_100
1954-04-01,WPU051,15.3,PPI_index_1982_100
1954-05-01,WPU051,15.4,PPI_index_1982_100
1954-06-01,WPU051,15.4,PPI_index_1982_100
1954-07-01,WPU051,15.4,PPI_index_1982_100
1954-08-01,WPU051,15.4,PPI_index_1982_100
1954-09-01,WPU051,15.5,PPI_index_1982_100
1954-10-01,WPU051,15.4,PPI_index_1982_100
1954-11-01,WPU051,15.4,PPI_index_1982_100
1954-12-01,WPU051,15.4,PPI_index_1982_100
1955-01-01,WPU051,15.4,PPI_index_1982_100
1955-02-01,WPU051,15.4,PPI_index_1982_100
1955-03-01,WPU051,15.4,PPI_index_1982_100
1955-04-01,WPU051,15.0,PPI_index_1982_100
1955-05-01,WPU051,14.7,PPI_index_1982_100
1955-06-01,WPU051,14.8,PPI_index_1982_100
1955-07-01,WPU051,14.9,PPI_index_1982_100
1955-08-01,WPU051,15.0,PPI_index_1982_100
1955-09-01,WPU051,15.9,PPI_index_1982_100
1955-10-01,WPU051,16.0,PPI_index_1982_100
1955-11-01,WPU051,16.0,PPI_index_1982_100
1955-12-01,WPU051,16.1,PPI_index_1982_100
1956-01-01,WPU051,16.1,PPI_index_1982_100
1956-02-01,WPU051,16.1,PPI_index_1982_100
1956-03-01,WPU051,16.2,PPI_index_1982_100
1956-04-01,WPU051,16.4,PPI_index_1982_100
1956-05-01,WPU051,16.4,PPI_index_1982_100
1956-06-01,WPU051,16.5,PPI_index_1982_100
1956-07-01,WPU051,16.6,PPI_index_1982_100
1956-08-01,WPU051,16.7,PPI_index_1982_100
1956-09-01,WPU051,16.8,PPI_index_1982_100
1956-10-01,WPU051,17.8,PPI_index_1982_100
1956-11-01,WPU051,17.9,PPI_index_1982_100
1956-12-01,WPU051,18.1,PPI_index_1982_100
1957-01-01,WPU051,18.2,PPI_index_1982_100
1957-02-01,WPU051,18.2,PPI_index_1982_100
1957-03-01,WPU051,18.1,PPI_index_1982_100
1957-04-01,WPU051,18.1,PPI_index_1982_100
1957-05-01,WPU051,18.1,PPI_index_1982_100
1957-06-01,WPU051,18.1,PPI_index_1982_100
1957-07-01,WPU051,18.2,PPI_index_1982_100
1957-08-01,WPU051,18.3,PPI_index_1982_100
1957-09-01,WPU051,18.3,PPI_index_1982_100
1957-10-01,WPU051,18.4,PPI_index_1982_100
1957-11-01,WPU051,18.5,PPI_index_1982_100
1957-12-01,WPU051,18.5,PPI_index_1982_100
1958-01-01,WPU051,18.5,PPI_index_1982_100
1958-02-01,WPU051,18.5,PPI_index_1982_100
1958-03-01,WPU051,18.5,PPI_index_1982_100
1958-04-01,WPU051,17.6,PPI_index_1982_100
1958-05-01,WPU051,17.6,PPI_index_1982_100
1958-06-01,WPU051,17.7,PPI_index_1982_100
1958-07-01,WPU051,17.8,PPI_index_1982_100
1958-08-01,WPU051,17.9,PPI_index_1982_100
1958-09-01,WPU051,18.0,PPI_index_1982_100
1958-10-01,WPU051,18.2,PPI_index_1982_100
1958-11-01,WPU051,18.2,PPI_index_1982_100
1958-12-01,WPU051,18.2,PPI_index_1982_100
1959-01-01,WPU051,18.4,PPI_index_1982_100
1959-02-01,WPU051,18.5,PPI_index_1982_100
1959-03-01,WPU051,18.3,PPI_index_1982_100
1959-04-01,WPU051,17.5,PPI_index_1982_100
1959-05-01,WPU051,17.4,PPI_index_1982_100
1959-06-01,WPU051,17.6,PPI_index_1982_100
1959-07-01,WPU051,17.8,PPI_index_1982_100
1959-08-01,WPU051,17.9,PPI_index_1982_100
1959-09-01,WPU051,18.0,PPI_index_1982_100
1959-10-01,WPU051,18.1,PPI_index_1982_100
1959-11-01,WPU051,18.2,PPI_index_1982_100
1959-12-01,WPU051,18.2,PPI_index_1982_100
1960-01-01,WPU051,18.2,PPI_index_1982_100
1960-02-01,WPU051,18.2,PPI_index_1982_100
1960-03-01,WPU051,18.2,PPI_index_1982_100
1960-04-01,WPU051,17.5,PPI_index_1982_100
1960-05-01,WPU051,17.4,PPI_index_1982_100
1960-06-01,WPU051,17.5,PPI_index_1982_100
1960-07-01,WPU051,17.7,PPI_index_1982_100
1960-08-01,WPU051,17.8,PPI_index_1982_100
1960-09-01,WPU051,18.0,PPI_index_1982_100
1960-10-01,WPU051,18.0,PPI_index_1982_100
1960-11-01,WPU051,18.0,PPI_index_1982_100
1960-12-01,WPU051,18.1,PPI_index_1982_100
1961-01-01,WPU051,18.1,PPI_index_1982_100
1961-02-01,WPU051,18.1,PPI_index_1982_100
1961-03-01,WPU051,18.0,PPI_index_1982_100
1961-04-01,WPU051,17.6,PPI_index_1982_100
1961-05-01,WPU051,17.2,PPI_index_1982_100
1961-06-01,WPU051,17.3,PPI_index_1982_100
1961-07-01,WPU051,17.4,PPI_index_1982_100
1961-08-01,WPU051,17.5,PPI_index_1982_100
1961-09-01,WPU051,17.6,PPI_index_1982_100
1961-10-01,WPU051,17.7,PPI_index_1982_100
1961-11-01,WPU051,17.8,PPI_index_1982_100
1961-12-01,WPU051,17.9,PPI_index_1982_100
1962-01-01,WPU051,17.9,PPI_index_1982_100
1962-02-01,WPU051,17.9,PPI_index_1982_100
1962-03-01,WPU051,17.9,PPI_index_1982_100
1962-04-01,WPU051,17.3,PPI_index_1982_100
1962-05-01,WPU051,17.1,PPI_index_1982_100
1962-06-01,WPU051,17.1,PPI_index_1982_100
1962-07-01,WPU051,17.3,PPI_index_1982_100
1962-08-01,WPU051,17.3,PPI_index_1982_100
1962-09-01,WPU051,17.5,PPI_index_1982_100
1962-10-01,WPU051,17.6,PPI_index_1982_100
1962-11-01,WPU051,17.7,PPI_index_1982_100
1962-12-01,WPU051,17.8,PPI_index_1982_100
1963-01-01,WPU051,17.8,PPI_index_1982_100
1963-02-01,WPU051,17.8,PPI_index_1982_100
1963-03-01,WPU051,17.8,PPI_index_1982_100
1963-04-01,WPU051,17.2,PPI_index_1982_100
1963-05-01,WPU051,17.1,PPI_index_1982_100
1963-06-01,WPU051,17.2,PPI_index_1982_100
1963-07-01,WPU051,17.3,PPI_index_1982_100
1963-08-01,WPU051,17.4,PPI_index_1982_100
1963-09-01,WPU051,17.6,PPI_index_1982_100
1963-10-01,WPU051,17.7,PPI_index_1982_100
1963-11-01,WPU051,17.8,PPI_index_1982_100
1963-12-01,WPU051,17.8,PPI_index_1982_100
1964-01-01,WPU051,17.8,PPI_index_1982_100
1964-02-01,WPU051,17.8,PPI_index_1982_100
1964-03-01,WPU051,17.6,PPI_index_1982_100
1964-04-01,WPU051,17.2,PPI_index_1982_100
1964-05-01,WPU051,17.2,PPI_index_1982_100
1964-06-01,WPU051,17.3,PPI_index_1982_100
1964-07-01,WPU051,17.4,PPI_index_1982_100
1964-08-01,WPU051,17.5,PPI_index_1982_100
1964-09-01,WPU051,17.6,PPI_index_1982_100
1964-10-01,WPU051,17.7,PPI_index_1982_100
1964-11-01,WPU051,17.7,PPI_index_1982_100
1964-12-01,WPU051,17.8,PPI_index_1982_100
1965-01-01,WPU051,17.8,PPI_index_1982_100
1965-02-01,WPU051,17.8,PPI_index_1982_100
1965-03-01,WPU051,17.6,PPI_index_1982_100
1965-04-01,WPU051,17.1,PPI_index_1982_100
1965-05-01,WPU051,17.1,PPI_index_1982_100
1965-06-01,WPU051,17.1,PPI_index_1982_100
1965-07-01,WPU051,17.2,PPI_index_1982_100
1965-08-01,WPU051,17.3,PPI_index_1982_100
1965-09-01,WPU051,17.5,PPI_index_1982_100
1965-10-01,WPU051,17.6,PPI_index_1982_100
1965-11-01,WPU051,17.7,PPI_index_1982_100
1965-12-01,WPU051,17.7,PPI_index_1982_100
1966-01-01,WPU051,17.8,PPI_index_1982_100
1966-02-01,WPU051,17.8,PPI_index_1982_100
1966-03-01,WPU051,17.7,PPI_index_1982_100
1966-04-01,WPU051,17.2,PPI_index_1982_100
1966-05-01,WPU051,17.5,PPI_index_1982_100
1966-06-01,WPU051,17.6,PPI_index_1982_100
1966-07-01,WPU051,17.7,PPI_index_1982_100
1966-08-01,WPU051,17.8,PPI_index_1982_100
1966-09-01,WPU051,18.0,PPI_index_1982_100
1966-10-01,WPU051,18.2,PPI_index_1982_100
1966-11-01,WPU051,18.4,PPI_index_1982_100
1966-12-01,WPU051,18.5,PPI_index_1982_100
1967-01-01,WPU051,18.5,PPI_index_1982_100
1967-02-01,WPU051,18.5,PPI_index_1982_100
1967-03-01,WPU051,18.5,PPI_index_1982_100
1967-04-01,WPU051,18.6,PPI_index_1982_100
1967-05-01,WPU051,18.6,PPI_index_1982_100
1967-06-01,WPU051,18.6,PPI_index_1982_100
1967-07-01,WPU051,18.6,PPI_index_1982_100
1967-08-01,WPU051,18.8,PPI_index_1982_100
1967-09-01,WPU051,18.8,PPI_index_1982_100
1967-10-01,WPU051,18.9,PPI_index_1982_100
1967-11-01,WPU051,19.0,PPI_index_1982_100
1967-12-01,WPU051,19.0,PPI_index_1982_100
1968-01-01,WPU051,19.0,PPI_index_1982_100
1968-02-01,WPU051,19.0,PPI_index_1982_100
1968-03-01,WPU051,19.1,PPI_index_1982_100
1968-04-01,WPU051,19.2,PPI_index_1982_100
1968-05-01,WPU051,19.1,PPI_index_1982_100
1968-06-01,WPU051,19.1,PPI_index_1982_100
1968-07-01,WPU051,19.2,PPI_index_1982_100
1968-08-01,WPU051,19.2,PPI_index_1982_100
1968-09-01,WPU051,19.2,PPI_index_1982_100
1968-10-01,WPU051,19.9,PPI_index_1982_100
1968-11-01,WPU051,20.2,PPI_index_1982_100
1968-12-01,WPU051,20.4,PPI_index_1982_100
1969-01-01,WPU051,20.4,PPI_index_1982_100
1969-02-01,WPU051,20.4,PPI_index_1982_100
1969-03-01,WPU051,20.4,PPI_index_1982_100
1969-04-01,WPU051,20.6,PPI_index_1982_100
1969-05-01,WPU051,20.5,PPI_index_1982_100
1969-06-01,WPU051,20.7,PPI_index_1982_100
1969-07-01,WPU051,20.9,PPI_index_1982_100
1969-08-01,WPU051,20.9,PPI_index_1982_100
1969-09-01,WPU051,21.0,PPI_index_1982_100
1969-10-01,WPU051,22.0,PPI_index_1982_100
1969-11-01,WPU051,22.4,PPI_index_1982_100
1969-12-01,WPU051,22.5,PPI_index_1982_100
1970-01-01,WPU051,22.7,PPI_index_1982_100
1970-02-01,WPU051,23.8,PPI_index_1982_100
1970-03-01,WPU051,24.1,PPI_index_1982_100
1970-04-01,WPU051,26.4,PPI_index_1982_100
1970-05-01,WPU051,26.6,PPI_index_1982_100
1970-06-01,WPU051,27.8,PPI_index_1982_100
1970-07-01,WPU051,28.4,PPI_index_1982_100
1970-08-01,WPU051,28.8,PPI_index_1982_100
1970-09-01,WPU051,30.1,PPI_index_1982_100
1970-10-01,WPU051,32.8,PPI_index_1982_100
1970-11-01,WPU051,32.9,PPI_index_1982_100
1970-12-01,WPU051,32.9,PPI_index_1982_100
1971-01-01,WPU051,32.9,PPI_index_1982_100
1971-02-01,WPU051,32.9,PPI_index_1982_100
1971-03-01,WPU051,32.9,PPI_index_1982_100
1971-04-01,WPU051,34.4,PPI_index_1982_100
1971-05-01,WPU051,34.2,PPI_index_1982_100
1971-06-01,WPU051,34.1,PPI_index_1982_100
1971-07-01,WPU051,34.2,PPI_index_1982_100
1971-08-01,WPU051,34.2,PPI_index_1982_100
1971-09-01,WPU051,34.2,PPI_index_1982_100
1971-10-01,WPU051,34.2,PPI_index_1982_100
1971-11-01,WPU051,34.2,PPI_index_1982_100
1971-12-01,WPU051,36.0,PPI_index_1982_100
1972-01-01,WPU051,36.0,PPI_index_1982_100
1972-02-01,WPU051,36.0,PPI_index_1982_100
1972-03-01,WPU051,36.0,PPI_index_1982_100
1972-04-01,WPU051,35.8,PPI_index_1982_100
1972-05-01,WPU051,35.8,PPI_index_1982_100
1972-06-01,WPU051,35.8,PPI_index_1982_100
1972-07-01,WPU051,35.8,PPI_index_1982_100
1972-08-01,WPU051,35.8,PPI_index_1982_100
1972-09-01,WPU051,35.9,PPI_index_1982_100
1972-10-01,WPU051,36.0,PPI_index_1982_100
1972-11-01,WPU051,37.6,PPI_index_1982_100
1972-12-01,WPU051,38.4,PPI_index_1982_100
1973-01-01,WPU051,38.4,PPI_index_1982_100
1973-02-01,WPU051,38.7,PPI_index_1982_100
1973-03-01,WPU051,38.8,PPI_index_1982_100
1973-04-01,WPU051,40.0,PPI_index_1982_100
1973-05-01,WPU051,40.1,PPI_index_1982_100
1973-06-01,WPU051,40.2,PPI_index_1982_100
1973-07-01,WPU051,40.0,PPI_index_1982_100
1973-08-01,WPU051,40.1,PPI_index_1982_100
1973-09-01,WPU051,41.6,PPI_index_1982_100
1973-10-01,WPU051,41.9,PPI_index_1982_100
1973-11-01,WPU051,44.7,PPI_index_1982_100
1973-12-01,WPU051,45.0,PPI_index_1982_100
1974-01-01,WPU051,46.6,PPI_index_1982_100
1974-02-01,WPU051,47.3,PPI_index_1982_100
1974-03-01,WPU051,48.5,PPI_index_1982_100
1974-04-01,WPU051,56.8,PPI_index_1982_100
1974-05-01,WPU051,57.6,PPI_index_1982_100
1974-06-01,WPU051,60.1,PPI_index_1982_100
1974-07-01,WPU051,64.3,PPI_index_1982_100
1974-08-01,WPU051,66.9,PPI_index_1982_100
1974-09-01,WPU051,69.5,PPI_index_1982_100
1974-10-01,WPU051,73.7,PPI_index_1982_100
1974-11-01,WPU051,74.4,PPI_index_1982_100
1974-12-01,WPU051,80.1,PPI_index_1982_100
1975-01-01,WPU051,80.2,PPI_index_1982_100
1975-02-01,WPU051,76.6,PPI_index_1982_100
1975-03-01,WPU051,72.6,PPI_index_1982_100
1975-04-01,WPU051,72.4,PPI_index_1982_100
1975-05-01,WPU051,72.8,PPI_index_1982_100
1975-06-01,WPU051,72.2,PPI_index_1982_100
1975-07-01,WPU051,71.5,PPI_index_1982_100
1975-08-01,WPU051,70.7,PPI_index_1982_100
1975-09-01,WPU051,69.8,PPI_index_1982_100
1975-10-01,WPU051,69.4,PPI_index_1982_100
1975-11-01,WPU051,68.2,PPI_index_1982_100
1975-12-01,WPU051,69.4,PPI_index_1982_100
1976-01-01,WPU051,69.2,PPI_index_1982_100
1976-02-01,WPU051,69.0,PPI_index_1982_100
1976-03-01,WPU051,68.8,PPI_index_1982_100
1976-04-01,WPU051,68.7,PPI_index_1982_100
1976-05-01,WPU051,68.7,PPI_index_1982_100
1976-06-01,WPU051,68.6,PPI_index_1982_100
1976-07-01,WPU051,68.8,PPI_index_1982_100
1976-08-01,WPU051,68.8,PPI_index_1982_100
1976-09-01,WPU051,68.8,PPI_index_1982_100
1976-10-01,WPU051,68.9,PPI_index_1982_100
1976-11-01,WPU051,69.0,PPI_index_1982_100
1976-12-01,WPU051,69.9,PPI_index_1982_100
1977-01-01,WPU051,70.3,PPI_index_1982_100
1977-02-01,WPU051,70.6,PPI_index_1982_100
1977-03-01,WPU051,70.8,PPI_index_1982_100
1977-04-01,WPU051,71.0,PPI_index_1982_100
1977-05-01,WPU051,72.3,PPI_index_1982_100
1977-06-01,WPU051,73.0,PPI_index_1982_100
1977-07-01,WPU051,73.5,PPI_index_1982_100
1977-08-01,WPU051,73.7,PPI_index_1982_100
1977-09-01,WPU051,73.9,PPI_index_1982_100
1977-10-01,WPU051,74.5,PPI_index_1982_100
1977-11-01,WPU051,74.9,PPI_index_1982_100
1977-12-01,WPU051,75.2,PPI_index_1982_100
1978-01-01,WPU051,75.5,PPI_index_1982_100
1978-02-01,WPU051,75.7,PPI_index_1982_100
1978-03-01,WPU051,76.1,PPI_index_1982_100
1978-04-01,WPU051,79.7,PPI_index_1982_100
1978-05-01,WPU051,80.9,PPI_index_1982_100
1978-06-01,WPU051,81.3,PPI_index_1982_100
1978-07-01,WPU051,81.7,PPI_index_1982_100
1978-08-01,WPU051,82.6,PPI_index_1982_100
1978-09-01,WPU051,82.8,PPI_index_1982_100
1978-10-01,WPU051,83.0,PPI_index_1982_100
1978-11-01,WPU051,82.7,PPI_index_1982_100
1978-12-01,WPU051,83.0,PPI_index_1982_100
1979-01-01,WPU051,83.0,PPI_index_1982_100
1979-02-01,WPU051,83.0,PPI_index_1982_100
1979-03-01,WPU051,83.3,PPI_index_1982_100
1979-04-01,WPU051,83.6,PPI_index_1982_100
1979-05-01,WPU051,84.3,PPI_index_1982_100
1979-06-01,WPU051,84.5,PPI_index_1982_100
1979-07-01,WPU051,84.6,PPI_index_1982_100
1979-08-01,WPU051,84.9,PPI_index_1982_100
1979-09-01,WPU051,84.6,PPI_index_1982_100
1979-10-01,WPU051,85.0,PPI_index_1982_100
1979-11-01,WPU051,85.1,PPI_index_1982_100
1979-12-01,WPU051,85.8,PPI_index_1982_100
1980-01-01,WPU051,85.9,PPI_index_1982_100
1980-02-01,WPU051,86.0,PPI_index_1982_100
1980-03-01,WPU051,86.3,PPI_index_1982_100
1980-04-01,WPU051,87.0,PPI_index_1982_100
1980-05-01,WPU051,87.2,PPI_index_1982_100
1980-06-01,WPU051,87.2,PPI_index_1982_100
1980-07-01,WPU051,87.4,PPI_index_1982_100
1980-08-01,WPU051,87.6,PPI_index_1982_100
1980-09-01,WPU051,88.1,PPI_index_1982_100
1980-10-01,WPU051,88.0,PPI_index_1982_100
1980-11-01,WPU051,88.9,PPI_index_1982_100
1980-12-01,WPU051,88.9,PPI_index_1982_100
1981-01-01,WPU051,89.4,PPI_index_1982_100
1981-02-01,WPU051,89.9,PPI_index_1982_100
1981-03-01,WPU051,90.0,PPI_index_1982_100
1981-04-01,WPU051,90.9,PPI_index_1982_100
1981-05-01,WPU051,91.1,PPI_index_1982_100
1981-06-01,WPU051,91.9,PPI_index_1982_100
1981-07-01,WPU051,94.5,PPI_index_1982_100
1981-08-01,WPU051,94.8,PPI_index_1982_100
1981-09-01,WPU051,95.4,PPI_index_1982_100
1981-10-01,WPU051,95.5,PPI_index_1982_100
1981-11-01,WPU051,95.9,PPI_index_1982_100
1981-12-01,WPU051,96.4,PPI_index_1982_100
1982-01-01,WPU051,98.2,PPI_index_1982_100
1982-02-01,WPU051,99.1,PPI_index_1982_100
1982-03-01,WPU051,99.0,PPI_index_1982_100
1982-04-01,WPU051,99.6,PPI_index_1982_100
1982-05-01,WPU051,99.9,PPI_index_1982_100
1982-06-01,WPU051,99.8,PPI_index_1982_100
1982-07-01,WPU051,100.6,PPI_index_1982_100
1982-08-01,WPU051,100.8,PPI_index_1982_100
1982-09-01,WPU051,100.7,PPI_index_1982_100
1982-10-01,WPU051,100.6,PPI_index_1982_100
1982-11-01,WPU051,100.9,PPI_index_1982_100
1982-12-01,WPU051,100.7,PPI_index_1982_100
1983-01-01,WPU051,100.2,PPI_index_1982_100
1983-02-01,WPU051,99.7,PPI_index_1982_100
1983-03-01,WPU051,100.7,PPI_index_1982_100
1983-04-01,WPU051,100.6,PPI_index_1982_100
1983-05-01,WPU051,100.1,PPI_index_1982_100
1983-06-01,WPU051,99.9,PPI_index_1982_100
1983-07-01,WPU051,100.0,PPI_index_1982_100
1983-08-01,WPU051,100.3,PPI_index_1982_100
1983-09-01,WPU051,100.6,PPI_index_1982_100
1983-10-01,WPU051,100.7,PPI_index_1982_100
1983-11-01,WPU051,101.4,PPI_index_1982_100
1983-12-01,WPU051,101.7,PPI_index_1982_100
1984-01-01,WPU051,101.2,PPI_index_1982_100
1984-02-01,WPU051,101.9,PPI_index_1982_100
1984-03-01,WPU051,102.1,PPI_index_1982_100
1984-04-01,WPU051,101.4,PPI_index_1982_100
1984-05-01,WPU051,102.4,PPI_index_1982_100
1984-06-01,WPU051,101.8,PPI_index_1982_100
1984-07-01,WPU051,102.5,PPI_index_1982_100
1984-08-01,WPU051,102.9,PPI_index_1982_100
1984-09-01,WPU051,102.7,PPI_index_1982_100
1984-10-01,WPU051,102.7,PPI_index_1982_100
1984-11-01,WPU051,102.6,PPI_index_1982_100
1984-12-01,WPU051,102.4,PPI_index_1982_100
1985-01-01,WPU051,102.5,PPI_index_1982_100
1985-02-01,WPU051,102.8,PPI_index_1982_100
1985-03-01,WPU051,102.6,PPI_index_1982_100
1985-04-01,WPU051,102.4,PPI_index_1982_100
1985-05-01,WPU051,102.5,PPI_index_1982_100
1985-06-01,WPU051,102.4,PPI_index_1982_100
1985-07-01,WPU051,102.8,PPI_index_1982_100
1985-08-01,WPU051,102.9,PPI_index_1982_100
1985-09-01,WPU051,102.6,PPI_index_1982_100
1985-10-01,WPU051,101.7,PPI_index_1982_100
1985-11-01,WPU051,100.6,PPI_index_1982_100
1985-12-01,WPU051,101.1,PPI_index_1982_100
1986-01-01,WPU051,101.3,PPI_index_1982_100
1986-02-01,WPU051,100.9,PPI_index_1982_100
1986-03-01,WPU051,101.5,PPI_index_1982_100
1986-04-01,WPU051,101.1,PPI_index_1982_100
1986-05-01,WPU051,100.9,PPI_index_1982_100
1986-06-01,WPU051,100.8,PPI_index_1982_100
1986-07-01,WPU051,100.9,PPI_index_1982_100
1986-08-01,WPU051,100.7,PPI_index_1982_100
1986-09-01,WPU051,100.5,PPI_index_1982_100
1986-10-01,WPU051,100.5,PPI_index_1982_100
1986-11-01,WPU051,100.1,PPI_index_1982_100
1986-12-01,WPU051,100.0,PPI_index_1982_100
1987-01-01,WPU051,100.1,PPI_index_1982_100
1987-02-01,WPU051,99.3,PPI_index_1982_100
1987-03-01,WPU051,99.0,PPI_index_1982_100
1987-04-01,WPU051,97.2,PPI_index_1982_100
1987-05-01,WPU051,96.8,PPI_index_1982_100
1987-06-01,WPU051,96.5,PPI_index_1982_100
1987-07-01,WPU051,96.1,PPI_index_1982_100
1987-08-01,WPU051,96.1,PPI_index_1982_100
1987-09-01,WPU051,95.8,PPI_index_1982_100
1987-10-01,WPU051,96.0,PPI_index_1982_100
1987-11-01,WPU051,96.4,PPI_index_1982_100
1987-12-01,WPU051,95.9,PPI_index_1982_100
1988-01-01,WPU051,95.6,PPI_index_1982_100
1988-02-01,WPU051,96.3,PPI_index_1982_100
1988-03-01,WPU051,95.8,PPI_index_1982_100
1988-04-01,WPU051,95.5,PPI_index_1982_100
1988-05-01,WPU051,95.2,PPI_index_1982_100
1988-06-01,WPU051,95.2,PPI_index_1982_100
1988-07-01,WPU051,95.7,PPI_index_1982_100
1988-08-01,WPU051,95.1,PPI_index_1982_100
1988-09-01,WPU051,95.4,PPI_index_1982_100
1988-10-01,WPU051,95.5,PPI_index_1982_100
1988-11-01,WPU051,94.7,PPI_index_1982_100
1988-12-01,WPU051,94.6,PPI_index_1982_100
1989-01-01,WPU051,94.1,PPI_index_1982_100
1989-02-01,WPU051,93.6,PPI_index_1982_100
1989-03-01,WPU051,93.6,PPI_index_1982_100
1989-04-01,WPU051,94.2,PPI_index_1982_100
1989-05-01,WPU051,94.6,PPI_index_1982_100
1989-06-01,WPU051,94.9,PPI_index_1982_100
1989-07-01,WPU051,96.2,PPI_index_1982_100
1989-08-01,WPU051,96.6,PPI_index_1982_100
1989-09-01,WPU051,96.5,PPI_index_1982_100
1989-10-01,WPU051,97.1,PPI_index_1982_100
1989-11-01,WPU051,97.7,PPI_index_1982_100
1989-12-01,WPU051,97.2,PPI_index_1982_100
1990-01-01,WPU051,97.8,PPI_index_1982_100
1990-02-01,WPU051,96.3,PPI_index_1982_100
1990-03-01,WPU051,96.4,PPI_index_1982_100
1990-04-01,WPU051,96.7,PPI_index_1982_100
1990-05-01,WPU051,97.7,PPI_index_1982_100
1990-06-01,WPU051,97.9,PPI_index_1982_100
1990-07-01,WPU051,98.0,PPI_index_1982_100
1990-08-01,WPU051,96.9,PPI_index_1982_100
1990-09-01,WPU051,97.5,PPI_index_1982_100
1990-10-01,WPU051,98.2,PPI_index_1982_100
1990-11-01,WPU051,98.8,PPI_index_1982_100
1990-12-01,WPU051,97.9,PPI_index_1982_100
1991-01-01,WPU051,98.5,PPI_index_1982_100
1991-02-01,WPU051,98.2,PPI_index_1982_100
1991-03-01,WPU051,97.4,PPI_index_1982_100
1991-04-01,WPU051,97.3,PPI_index_1982_100
1991-05-01,WPU051,97.1,PPI_index_1982_100
1991-06-01,WPU051,98.0,PPI_index_1982_100
1991-07-01,WPU051,97.6,PPI_index_1982_100
1991-08-01,WPU051,96.6,PPI_index_1982_100
1991-09-01,WPU051,96.6,PPI_index_1982_100
1991-10-01,WPU051,95.9,PPI_index_1982_100
1991-11-01,WPU051,97.1,PPI_index_1982_100
1991-12-01,WPU051,96.3,PPI_index_1982_100
1992-01-01,WPU051,93.7,PPI_index_1982_100
1992-02-01,WPU051,94.5,PPI_index_1982_100
1992-03-01,WPU051,93.8,PPI_index_1982_100
1992-04-01,WPU051,94.8,PPI_index_1982_100
1992-05-01,WPU051,95.0,PPI_index_1982_100
1992-06-01,WPU051,96.0,PPI_index_1982_100
1992-07-01,WPU051,95.3,PPI_index_1982_100
1992-08-01,WPU051,95.1,PPI_index_1982_100
1992-09-01,WPU051,95.1,PPI_index_1982_100
1992-10-01,WPU051,95.7,PPI_index_1982_100
1992-11-01,WPU051,94.8,PPI_index_1982_100
1992-12-01,WPU051,96.5,PPI_index_1982_100
1993-01-01,WPU051,95.6,PPI_index_1982_100
1993-02-01,WPU051,94.9,PPI_index_1982_100
1993-03-01,WPU051,94.9,PPI_index_1982_100
1993-04-01,WPU051,94.6,PPI_index_1982_100
1993-05-01,WPU051,94.1,PPI_index_1982_100
1993-06-01,WPU051,94.1,PPI_index_1982_100
1993-07-01,WPU051,94.4,PPI_index_1982_100
1993-08-01,WPU051,95.5,PPI_index_1982_100
1993-09-01,WPU051,97.8,PPI_index_1982_100
1993-10-01,WPU051,100.3,PPI_index_1982_100
1993-11-01,WPU051,99.5,PPI_index_1982_100
1993-12-01,WPU051,97.5,PPI_index_1982_100
1994-01-01,WPU051,97.3,PPI_index_1982_100
1994-02-01,WPU051,96.1,PPI_index_1982_100
1994-03-01,WPU051,96.2,PPI_index_1982_100
1994-04-01,WPU051,96.5,PPI_index_1982_100
1994-05-01,WPU051,96.8,PPI_index_1982_100
1994-06-01,WPU051,95.5,PPI_index_1982_100
1994-07-01,WPU051,95.6,PPI_index_1982_100
1994-08-01,WPU051,96.2,PPI_index_1982_100
1994-09-01,WPU051,97.8,PPI_index_1982_100
1994-10-01,WPU051,98.4,PPI_index_1982_100
1994-11-01,WPU051,98.3,PPI_index_1982_100
1994-12-01,WPU051,95.5,PPI_index_1982_100
1995-01-01,WPU051,91.9,PPI_index_1982_100
1995-02-01,WPU051,94.6,PPI_index_1982_100
1995-03-01,WPU051,96.9,PPI_index_1982_100
1995-04-01,WPU051,95.9,PPI_index_1982_100
1995-05-01,WPU051,93.9,PPI_index_1982_100
1995-06-01,WPU051,94.3,PPI_index_1982_100
1995-07-01,WPU051,96.0,PPI_index_1982_100
1995-08-01,WPU051,95.3,PPI_index_1982_100
1995-09-01,WPU051,95.2,PPI_index_1982_100
1995-10-01,WPU051,96.4,PPI_index_1982_100
1995-11-01,WPU051,94.8,PPI_index_1982_100
1995-12-01,WPU051,94.7,PPI_index_1982_100
1996-01-01,WPU051,92.1,PPI_index_1982_100
1996-02-01,WPU051,95.3,PPI_index_1982_100
1996-03-01,WPU051,95.7,PPI_index_1982_100
1996-04-01,WPU051,94.3,PPI_index_1982_100
1996-05-01,WPU051,97.0,PPI_index_1982_100
1996-06-01,WPU051,95.0,PPI_index_1982_100
1996-07-01,WPU051,93.3,PPI_index_1982_100
1996-08-01,WPU051,96.4,PPI_index_1982_100
1996-09-01,WPU051,93.6,PPI_index_1982_100
1996-10-01,WPU051,93.3,PPI_index_1982_100
1996-11-01,WPU051,94.6,PPI_index_1982_100
1996-12-01,WPU051,93.7,PPI_index_1982_100
1997-01-01,WPU051,97.3,PPI_index_1982_100
1997-02-01,WPU051,94.6,PPI_index_1982_100
1997-03-01,WPU051,96.7,PPI_index_1982_100
1997-04-01,WPU051,100.3,PPI_index_1982_100
1997-05-01,WPU051,95.2,PPI_index_1982_100
1997-06-01,WPU051,96.9,PPI_index_1982_100
1997-07-01,WPU051,94.9,PPI_index_1982_100
1997-08-01,WPU051,95.4,PPI_index_1982_100
1997-09-01,WPU051,96.2,PPI_index_1982_100
1997-10-01,WPU051,94.9,PPI_index_1982_100
1997-11-01,WPU051,94.4,PPI_index_1982_100
1997-12-01,WPU051,98.3,PPI_index_1982_100
1998-01-01,WPU051,91.7,PPI_index_1982_100
1998-02-01,WPU051,94.5,PPI_index_1982_100
1998-03-01,WPU051,93.5,PPI_index_1982_100
1998-04-01,WPU051,95.2,PPI_index_1982_100
1998-05-01,WPU051,94.5,PPI_index_1982_100
1998-06-01,WPU051,94.7,PPI_index_1982_100
1998-07-01,WPU051,94.3,PPI_index_1982_100
1998-08-01,WPU051,90.7,PPI_index_1982_100
1998-09-01,WPU051,90.1,PPI_index_1982_100
1998-10-01,WPU051,92.8,PPI_index_1982_100
1998-11-01,WPU051,94.2,PPI_index_1982_100
1998-12-01,WPU051,97.1,PPI_index_1982_100
1999-01-01,WPU051,88.2,PPI_index_1982_100
1999-02-01,WPU051,93.4,PPI_index_1982_100
1999-03-01,WPU051,93.6,PPI_index_1982_100
1999-04-01,WPU051,94.5,PPI_index_1982_100
1999-05-01,WPU051,91.4,PPI_index_1982_100
1999-06-01,WPU051,92.2,PPI_index_1982_100
1999-07-01,WPU051,90.4,PPI_index_1982_100
1999-08-01,WPU051,90.2,PPI_index_1982_100
1999-09-01,WPU051,88.6,PPI_index_1982_100
1999-10-01,WPU051,88.8,PPI_index_1982_100
1999-11-01,WPU051,89.2,PPI_index_1982_100
1999-12-01,WPU051,88.1,PPI_index_1982_100
2000-01-01,WPU051,88.5,PPI_index_1982_100
2000-02-01,WPU051,87.3,PPI_index_1982_100
2000-03-01,WPU051,87.9,PPI_index_1982_100
2000-04-01,WPU051,90.0,PPI_index_1982_100
2000-05-01,WPU051,90.0,PPI_index_1982_100
2000-06-01,WPU051,88.8,PPI_index_1982_100
2000-07-01,WPU051,89.4,PPI_index_1982_100
2000-08-01,WPU051,86.0,PPI_index_1982_100
2000-09-01,WPU051,86.3,PPI_index_1982_100
2000-10-01,WPU051,86.3,PPI_index_1982_100
2000-11-01,WPU051,86.8,PPI_index_1982_100
2000-12-01,WPU051,88.1,PPI_index_1982_100
2001-01-01,WPU051,87.2,PPI_index_1982_100
2001-02-01,WPU051,95.6,PPI_index_1982_100
2001-03-01,WPU051,94.7,PPI_index_1982_100
2001-04-01,WPU051,96.3,PPI_index_1982_100
2001-05-01,WPU051,100.3,PPI_index_1982_100
2001-06-01,WPU051,94.1,PPI_index_1982_100
2001-07-01,WPU051,98.0,PPI_index_1982_100
2001-08-01,WPU051,96.4,PPI_index_1982_100
2001-09-01,WPU051,96.3,PPI_index_1982_100
2001-10-01,WPU051,97.2,PPI_index_1982_100
2001-11-01,WPU051,101.4,PPI_index_1982_100
2001-12-01,WPU051,97.0,PPI_index_1982_100
2002-01-01,WPU051,101.4,PPI_index_1982_100
2002-02-01,WPU051,100.5,PPI_index_1982_100
2002-03-01,WPU051,101.5,PPI_index_1982_100
2002-04-01,WPU051,101.6,PPI_index_1982_100
2002-05-01,WPU051,101.6,PPI_index_1982_100
2002-06-01,WPU051,99.7,PPI_index_1982_100
2002-07-01,WPU051,99.4,PPI_index_1982_100
2002-08-01,WPU051,98.1,PPI_index_1982_100
2002-09-01,WPU051,97.6,PPI_index_1982_100
2002-10-01,WPU051,98.6,PPI_index_1982_100
2002-11-01,WPU051,99.2,PPI_index_1982_100
2002-12-01,WPU051,98.0,PPI_index_1982_100
2003-01-01,WPU051,98.8,PPI_index_1982_100
2003-02-01,WPU051,97.7,PPI_index_1982_100
2003-03-01,WPU051,99.0,PPI_index_1982_100
2003-04-01,WPU051,101.7,PPI_index_1982_100
2003-05-01,WPU051,101.3,PPI_index_1982_100
2003-06-01,WPU051,100.4,PPI_index_1982_100
2003-07-01,WPU051,99.0,PPI_index_1982_100
2003-08-01,WPU051,99.0,PPI_index_1982_100
2003-09-01,WPU051,100.6,PPI_index_1982_100
2003-10-01,WPU051,100.7,PPI_index_1982_100
2003-11-01,WPU051,100.9,PPI_index_1982_100
2003-12-01,WPU051,100.1,PPI_index_1982_100
2004-01-01,WPU051,105.5,PPI_index_1982_100
2004-02-01,WPU051,107.5,PPI_index_1982_100
2004-03-01,WPU051,107.3,PPI_index_1982_100
2004-04-01,WPU051,111.1,PPI_index_1982_100
2004-05-01,WPU051,110.3,PPI_index_1982_100
2004-06-01,WPU051,109.0,PPI_index_1982_100
2004-07-01,WPU051,109.3,PPI_index_1982_100
2004-08-01,WPU051,108.9,PPI_index_1982_100
2004-09-01,WPU051,110.4,PPI_index_1982_100
2004-10-01,WPU051,111.1,PPI_index_1982_100
2004-11-01,WPU051,110.3,PPI_index_1982_100
2004-12-01,WPU051,110.1,PPI_index_1982_100
2005-01-01,WPU051,113.4,PPI_index_1982_100
2005-02-01,WPU051,114.1,PPI_index_1982_100
2005-03-01,WPU051,116.8,PPI_index_1982_100
2005-04-01,WPU051,117.8,PPI_index_1982_100
2005-05-01,WPU051,116.7,PPI_index_1982_100
2005-06-01,WPU051,115.6,PPI_index_1982_100
2005-07-01,WPU051,116.0,PPI_index_1982_100
2005-08-01,WPU051,115.9,PPI_index_1982_100
2005-09-01,WPU051,116.2,PPI_index_1982_100
2005-10-01,WPU051,117.5,PPI_index_1982_100
2005-11-01,WPU051,121.2,PPI_index_1982_100
2005-12-01,WPU051,120.8,PPI_index_1982_100
2006-01-01,WPU051,125.6,PPI_index_1982_100
2006-02-01,WPU051,125.4,PPI_index_1982_100
2006-03-01,WPU051,126.4,PPI_index_1982_100
2006-04-01,WPU051,127.5,PPI_index_1982_100
2006-05-01,WPU051,127.6,PPI_index_1982_100
2006-06-01,WPU051,127.5,PPI_index_1982_100
2006-07-01,WPU051,126.4,PPI_index_1982_100
2006-08-01,WPU051,126.5,PPI_index_1982_100
2006-09-01,WPU051,127.0,PPI_index_1982_100
2006-10-01,WPU051,126.4,PPI_index_1982_100
2006-11-01,WPU051,125.8,PPI_index_1982_100
2006-12-01,WPU051,127.4,PPI_index_1982_100
2007-01-01,WPU051,128.9,PPI_index_1982_100
2007-02-01,WPU051,130.0,PPI_index_1982_100
2007-03-01,WPU051,132.1,PPI_index_1982_100
2007-04-01,WPU051,131.6,PPI_index_1982_100
2007-05-01,WPU051,130.3,PPI_index_1982_100
2007-06-01,WPU051,130.6,PPI_index_1982_100
2007-07-01,WPU051,131.0,PPI_index_1982_100
2007-08-01,WPU051,130.5,PPI_index_1982_100
2007-09-01,WPU051,130.8,PPI_index_1982_100
2007-10-01,WPU051,130.6,PPI_index_1982_100
2007-11-01,WPU051,131.1,PPI_index_1982_100
2007-12-01,WPU051,131.5,PPI_index_1982_100
2008-01-01,WPU051,139.6,PPI_index_1982_100
2008-02-01,WPU051,141.0,PPI_index_1982_100
2008-03-01,WPU051,143.4,PPI_index_1982_100
2008-04-01,WPU051,163.9,PPI_index_1982_100
2008-05-01,WPU051,164.8,PPI_index_1982_100
2008-06-01,WPU051,164.7,PPI_index_1982_100
2008-07-01,WPU051,169.7,PPI_index_1982_100
2008-08-01,WPU051,170.1,PPI_index_1982_100
2008-09-01,WPU051,171.0,PPI_index_1982_100
2008-10-01,WPU051,171.4,PPI_index_1982_100
2008-11-01,WPU051,171.3,PPI_index_1982_100
2008-12-01,WPU051,169.4,PPI_index_1982_100
2009-01-01,WPU051,179.3,PPI_index_1982_100
2009-02-01,WPU051,185.3,PPI_index_1982_100
2009-03-01,WPU051,188.5,PPI_index_1982_100
2009-04-01,WPU051,190.6,PPI_index_1982_100
2009-05-01,WPU051,181.2,PPI_index_1982_100
2009-06-01,WPU051,179.9,PPI_index_1982_100
2009-07-01,WPU051,182.2,PPI_index_1982_100
2009-08-01,WPU051,178.8,PPI_index_1982_100
2009-09-01,WPU051,180.6,PPI_index_1982_100
2009-10-01,WPU051,180.3,PPI_index_1982_100
2009-11-01,WPU051,180.4,PPI_index_1982_100
2009-12-01,WPU051,182.5,PPI_index_1982_100
2010-01-01,WPU051,186.7,PPI_index_1982_100
2010-02-01,WPU051,187.2,PPI_index_1982_100
2010-03-01,WPU051,188.1,PPI_index_1982_100
2010-04-01,WPU051,188.7,PPI_index_1982_100
2010-05-01,WPU051,189.4,PPI_index_1982_100
2010-06-01,WPU051,190.3,PPI_index_1982_100
2010-07-01,WPU051,190.1,PPI_index_1982_100
2010-08-01,WPU051,191.9,PPI_index_1982_100
2010-09-01,WPU051,190.1,PPI_index_1982_100
2010-10-01,WPU051,190.3,PPI_index_1982_100
2010-11-01,WPU051,190.9,PPI_index_1982_100
2010-12-01,WPU051,190.9,PPI_index_1982_100
2011-01-01,WPU051,202.4,PPI_index_1982_100
2011-02-01,WPU051,205.7,PPI_index_1982_100
2011-03-01,WPU051,207.7,PPI_index_1982_100
2011-04-01,WPU051,208.5,PPI_index_1982_100
2011-05-01,WPU051,206.3,PPI_index_1982_100
2011-06-01,WPU051,207.0,PPI_index_1982_100
2011-07-01,WPU051,206.3,PPI_index_1982_100
2011-08-01,WPU051,207.6,PPI_index_1982_100
2011-09-01,WPU051,208.8,PPI_index_1982_100
2011-10-01,WPU051,207.5,PPI_index_1982_100
2011-11-01,WPU051,207.8,PPI_index_1982_100
2011-12-01,WPU051,209.1,PPI_index_1982_100
2012-01-01,WPU051,213.9,PPI_index_1982_100
2012-02-01,WPU051,212.2,PPI_index_1982_100
2012-03-01,WPU051,211.9,PPI_index_1982_100
2012-04-01,WPU051,211.0,PPI_index_1982_100
2012-05-01,WPU051,211.9,PPI_index_1982_100
2012-06-01,WPU051,212.7,PPI_index_1982_100
2012-07-01,WPU051,209.2,PPI_index_1982_100
2012-08-01,WPU051,207.0,PPI_index_1982_100
2012-09-01,WPU051,210.4,PPI_index_1982_100
2012-10-01,WPU051,209.0,PPI_index_1982_100
2012-11-01,WPU051,211.5,PPI_index_1982_100
2012-12-01,WPU051,215.9,PPI_index_1982_100
2013-01-01,WPU051,210.0,PPI_index_1982_100
2013-02-01,WPU051,209.1,PPI_index_1982_100
2013-03-01,WPU051,207.6,PPI_index_1982_100
2013-04-01,WPU051,210.2,PPI_index_1982_100
2013-05-01,WPU051,214.1,PPI_index_1982_100
2013-06-01,WPU051,207.6,PPI_index_1982_100
2013-07-01,WPU051,207.0,PPI_index_1982_100
2013-08-01,WPU051,207.4,PPI_index_1982_100
2013-09-01,WPU051,206.2,PPI_index_1982_100
2013-10-01,WPU051,203.5,PPI_index_1982_100
2013-11-01,WPU051,207.6,PPI_index_1982_100
2013-12-01,WPU051,207.1,PPI_index_1982_100
2014-01-01,WPU051,207.2,PPI_index_1982_100
2014-02-01,WPU051,200.5,PPI_index_1982_100
2014-03-01,WPU051,204.2,PPI_index_1982_100
2014-04-01,WPU051,202.2,PPI_index_1982_100
2014-05-01,WPU051,202.6,PPI_index_1982_100
2014-06-01,WPU051,201.3,PPI_index_1982_100
2014-07-01,WPU051,196.7,PPI_index_1982_100
2014-08-01,WPU051,197.2,PPI_index_1982_100
2014-09-01,WPU051,196.5,PPI_index_1982_100
2014-10-01,WPU051,195.9,PPI_index_1982_100
2014-11-01,WPU051,196.7,PPI_index_1982_100
2014-12-01,WPU051,198.0,PPI_index_1982_100
2015-01-01,WPU051,198.0,PPI_index_1982_100
2015-02-01,WPU051,196.0,PPI_index_1982_100
2015-03-01,WPU051,198.5,PPI_index_1982_100
2015-04-01,WPU051,195.8,PPI_index_1982_100
2015-05-01,WPU051,197.9,PPI_index_1982_100
2015-06-01,WPU051,196.2,PPI_index_1982_100
2015-07-01,WPU051,192.0,PPI_index_1982_100
2015-08-01,WPU051,191.0,PPI_index_1982_100
2015-09-01,WPU051,193.0,PPI_index_1982_100
2015-10-01,WPU051,189.6,PPI_index_1982_100
2015-11-01,WPU051,190.7,PPI_index_1982_100
2015-12-01,WPU051,189.6,PPI_index_1982_100
2016-01-01,WPU051,186.1,PPI_index_1982_100
2016-02-01,WPU051,184.3,PPI_index_1982_100
2016-03-01,WPU051,189.6,PPI_index_1982_100
2016-04-01,WPU051,188.5,PPI_index_1982_100
2016-05-01,WPU051,195.0,PPI_index_1982_100
2016-06-01,WPU051,195.2,PPI_index_1982_100
2016-07-01,WPU051,188.8,PPI_index_1982_100
2016-08-01,WPU051,187.0,PPI_index_1982_100
2016-09-01,WPU051,186.9,PPI_index_1982_100
2016-10-01,WPU051,188.7,PPI_index_1982_100
2016-11-01,WPU051,192.2,PPI_index_1982_100
2016-12-01,WPU051,192.5,PPI_index_1982_100
2017-01-01,WPU051,200.7,PPI_index_1982_100
2017-02-01,WPU051,196.3,PPI_index_1982_100
2017-03-01,WPU051,196.1,PPI_index_1982_100
2017-04-01,WPU051,198.1,PPI_index_1982_100
2017-05-01,WPU051,195.1,PPI_index_1982_100
2017-06-01,WPU051,194.2,PPI_index_1982_100
2017-07-01,WPU051,193.5,PPI_index_1982_100
2017-08-01,WPU051,194.0,PPI_index_1982_100
2017-09-01,WPU051,195.2,PPI_index_1982_100
2017-10-01,WPU051,195.1,PPI_index_1982_100
2017-11-01,WPU051,195.9,PPI_index_1982_100
2017-12-01,WPU051,195.8,PPI_index_1982_100
2018-01-01,WPU051,197.3,PPI_index_1982_100
2018-02-01,WPU051,198.6,PPI_index_1982_100
2018-03-01,WPU051,200.0,PPI_index_1982_100
2018-04-01,WPU051,199.0,PPI_index_1982_100
2018-05-01,WPU051,201.6,PPI_index_1982_100
2018-06-01,WPU051,199.4,PPI_index_1982_100
2018-07-01,WPU051,199.7,PPI_index_1982_100
2018-08-01,WPU051,198.3,PPI_index_1982_100
2018-09-01,WPU051,199.2,PPI_index_1982_100
2018-10-01,WPU051,201.4,PPI_index_1982_100
2018-11-01,WPU051,199.9,PPI_index_1982_100
2018-12-01,WPU051,201.0,PPI_index_1982_100
2019-01-01,WPU051,201.7,PPI_index_1982_100
2019-02-01,WPU051,199.6,PPI_index_1982_100
2019-03-01,WPU051,201.1,PPI_index_1982_100
2019-04-01,WPU051,200.3,PPI_index_1982_100
2019-05-01,WPU051,198.1,PPI_index_1982_100
2019-06-01,WPU051,201.0,PPI_index_1982_100
2019-07-01,WPU051,201.0,PPI_index_1982_100
2019-08-01,WPU051,200.8,PPI_index_1982_100
2019-09-01,WPU051,199.9,PPI_index_1982_100
2019-10-01,WPU051,203.3,PPI_index_1982_100
2019-11-01,WPU051,195.3,PPI_index_1982_100
2019-12-01,WPU051,196.4,PPI_index_1982_100
2020-01-01,WPU051,190.4,PPI_index_1982_100
2020-02-01,WPU051,189.6,PPI_index_1982_100
2020-03-01,WPU051,189.3,PPI_index_1982_100
2020-04-01,WPU051,190.7,PPI_index_1982_100
2020-05-01,WPU051,190.1,PPI_index_1982_100
2020-06-01,WPU051,190.1,PPI_index_1982_100
2020-07-01,WPU051,188.2,PPI_index_1982_100
2020-08-01,WPU051,187.2,PPI_index_1982_100
2020-09-01,WPU051,189.1,PPI_index_1982_100
2020-10-01,WPU051,189.2,PPI_index_1982_100
2020-11-01,WPU051,186.1,PPI_index_1982_100
2020-12-01,WPU051,187.4,PPI_index_1982_100
2021-01-01,WPU051,186.9,PPI_index_1982_100
2021-02-01,WPU051,186.5,PPI_index_1982_100
2021-03-01,WPU051,187.2,PPI_index_1982_100
2021-04-01,WPU051,190.3,PPI_index_1982_100
2021-05-01,WPU051,189.8,PPI_index_1982_100
2021-06-01,WPU051,190.2,PPI_index_1982_100
2021-07-01,WPU051,190.314,PPI_index_1982_100
2021-08-01,WPU051,189.565,PPI_index_1982_100
2021-09-01,WPU051,192.425,PPI_index_1982_100
2021-10-01,WPU051,188.747,PPI_index_1982_100
2021-11-01,WPU051,189.875,PPI_index_1982_100
2021-12-01,WPU051,191.693,PPI_index_1982_100
2022-01-01,WPU051,225.626,PPI_index_1982_100
2022-02-01,WPU051,224.787,PPI_index_1982_100
2022-03-01,WPU051,236.943,PPI_index_1982_100
2022-04-01,WPU051,273.789,PPI_index_1982_100
2022-05-01,WPU051,275.751,PPI_index_1982_100
2022-06-01,WPU051,299.044,PPI_index_1982_100
2022-07-01,WPU051,312.563,PPI_index_1982_100
2022-08-01,WPU051,303.865,PPI_index_1982_100
2022-09-01,WPU051,307.831,PPI_index_1982_100
2022-10-01,WPU051,308.819,PPI_index_1982_100
2022-11-01,WPU051,303.957,PPI_index_1982_100
2022-12-01,WPU051,281.087,PPI_index_1982_100
2023-01-01,WPU051,288.935,PPI_index_1982_100
2023-02-01,WPU051,291.332,PPI_index_1982_100
2023-03-01,WPU051,279.698,PPI_index_1982_100
2023-04-01,WPU051,284.561,PPI_index_1982_100
2023-05-01,WPU051,276.318,PPI_index_1982_100
2023-06-01,WPU051,276.56,PPI_index_1982_100
2023-07-01,WPU051,279.681,PPI_index_1982_100
2023-08-01,WPU051,283.845,PPI_index_1982_100
2023-09-01,WPU051,274.276,PPI_index_1982_100
2023-10-01,WPU051,281.61,PPI_index_1982_100
2023-11-01,WPU051,289.237,PPI_index_1982_100
2023-12-01,WPU051,285.07,PPI_index_1982_100
2024-01-01,WPU051,286.183,PPI_index_1982_100
2024-02-01,WPU051,303.94,PPI_index_1982_100
2024-03-01,WPU051,292.592,PPI_index_1982_100
2024-04-01,WPU051,290.598,PPI_index_1982_100
2024-05-01,WPU051,293.802,PPI_index_1982_100
2024-06-01,WPU051,287.588,PPI_index_1982_100
2024-07-01,WPU051,287.982,PPI_index_1982_100
2024-08-01,WPU051,287.092,PPI_index_1982_100
2024-09-01,WPU051,282.525,PPI_index_1982_100
2024-10-01,WPU051,292.654,PPI_index_1982_100
2024-11-01,WPU051,292.97,PPI_index_1982_100
2024-12-01,WPU051,283.984,PPI_index_1982_100
2025-01-01,WPU051,295.137,PPI_index_1982_100
2025-02-01,WPU051,299.845,PPI_index_1982_100
2025-03-01,WPU051,299.118,PPI_index_1982_100
2025-04-01,WPU051,286.001,PPI_index_1982_100
2025-05-01,WPU051,289.166,PPI_index_1982_100
2025-06-01,WPU051,284.064,PPI_index_1982_100
2025-07-01,WPU051,303.129,PPI_index_1982_100
2025-08-01,WPU051,296.096,PPI_index_1982_100
2025-09-01,WPU051,289.729,PPI_index_1982_100
2025-10-01,WPU051,300.508,PPI_index_1982_100
2025-11-01,WPU051,282.693,PPI_index_1982_100
2025-12-01,WPU051,293.208,PPI_index_1982_100
2026-01-01,WPU051,290.727,PPI_index_1982_100
2026-02-01,WPU051,289.942,PPI_index_1982_100
2026-03-01,WPU051,290.192,PPI_index_1982_100
